metric,value
n_days,918.0
cumulative_return,0.5242584322592281
annualized_return,0.1295285185806375
annualized_vol,0.11025398511384917
sharpe,1.1748193813301648
max_drawdown,-0.10999747563594353
trade_days,30.0
win_rate,0.5516637478108581
